"Source:","/home/hitesh/KICAD/projects/NRF_MASTER/plug_with_power/plug_with_power_1A_v1.1.sch"
"Date:","Thu Jul 16 16:42:41 2020"
"Tool:","Eeschema 5.0.2-bee76a0~70~ubuntu18.04.1"
"Generator:","/usr/share/kicad/plugins/bom_csv_grouped_by_value_with_fp.py"
"Component Count:","9"
"Ref","Qnty","Value","Cmp name","Footprint","Description","Vendor"
"D1, ","1","YELLOW","LED_Small","LED_SMD:LED_0603_1608Metric","Light emitting diode, small symbol",""
"D2, ","1","Z0103MN","Z0103MN","Package_TO_SOT_SMD:SOT-223","4Q Triac, 1A RMS, 600V VDRM, 3mA Igt, 7mA Ih, SOT-223",""
"J1, ","1","Conn_01x02","Conn_01x02","Connector_PinHeader_2.54mm:PinHeader_1x02_P2.54mm_Vertical","Generic connector, single row, 01x02, script generated (kicad-library-utils/schlib/autogen/connector/)",""
"J2, ","1","Conn_01x02","Conn_01x02","Connector_Molex:Molex_KK-396_A-41791-0002_1x02_P3.96mm_Vertical","Generic connector, single row, 01x02, script generated (kicad-library-utils/schlib/autogen/connector/)",""
"R1, R2, ","2","220","R_Small_US","Resistor_SMD:R_0603_1608Metric","Resistor, small US symbol",""
"R3, ","1","330","R_Small_US","Resistor_SMD:R_0603_1608Metric","Resistor, small US symbol",""
"R4, ","1","360","R_Small_US","Resistor_SMD:R_0603_1608Metric","Resistor, small US symbol",""
"U1, ","1","MOC3083S","MOC3083M","Package_DIP:SMDIP-6_W9.53mm_Clearance8mm","Zero Cross Opto-Triac, Vdrm 800V, Ift 5mA, DIP6",""
